id,label,taxa_string,relative_abundance,prevalence,level
359f1362-ab7f-555d-880d-1cd4a75f0931,d__Bacteria,d__Bacteria,0.0020474139220827,1.0,L1
b62a3547-e16c-51f2-9093-a643d22ea608,p__Candidatus Saccharibacteria,d__Bacteria;k__;p__Candidatus Saccharibacteria,0.0002104506215861,0.9821428571428572,L3
d68548e6-6eb4-500e-894b-0e9581e11b00,s__Candidatus Saccharibacteria bacterium oral taxon 957,d__Bacteria;k__;p__Candidatus Saccharibacteria;c__;o__;f__;g__;s__Candidatus Saccharibacteria bacterium oral taxon 957,0.0001951014690771,0.9464285714285714,L8
b5ceb3eb-991f-5a53-b539-145d4ed74e29,s__Candidatus Saccharibacteria bacterium oral taxon 488,d__Bacteria;k__;p__Candidatus Saccharibacteria;c__;o__;f__;g__;s__Candidatus Saccharibacteria bacterium oral taxon 488,0.0004875312299895,1.0,L8
94eb0ba7-00c2-5fe8-a00c-32b43eaf57c3,g__Leptotrichia,d__Bacteria;k__;p__Fusobacteria;c__Fusobacteriia;o__Fusobacteriales;f__Leptotrichiaceae;g__Leptotrichia,0.0005219163810886,1.0,L7
48f0dcb9-05ae-58d5-aac5-7f20b0c98fc9,s__Leptotrichia goodfellowii,d__Bacteria;k__;p__Fusobacteria;c__Fusobacteriia;o__Fusobacteriales;f__Leptotrichiaceae;g__Leptotrichia;s__Leptotrichia goodfellowii,0.0001102561329359,0.9642857142857144,L8
30a86c9d-fd07-5bc0-8573-29c4cdd85279,s__Leptotrichia hofstadii,d__Bacteria;k__;p__Fusobacteria;c__Fusobacteriia;o__Fusobacteriales;f__Leptotrichiaceae;g__Leptotrichia;s__Leptotrichia hofstadii,0.0004002684848646,0.9821428571428572,L8
0e75af6a-ad2f-577a-86d3-ed59dfb72994,s__Leptotrichia hongkongensis,d__Bacteria;k__;p__Fusobacteria;c__Fusobacteriia;o__Fusobacteriales;f__Leptotrichiaceae;g__Leptotrichia;s__Leptotrichia hongkongensis,0.000658635902602,1.0,L8
4f9f82ab-ec14-5913-a3e9-62d1bcf54866,s__Leptotrichia shahii,d__Bacteria;k__;p__Fusobacteria;c__Fusobacteriia;o__Fusobacteriales;f__Leptotrichiaceae;g__Leptotrichia;s__Leptotrichia shahii,0.0001360245563474,0.9821428571428572,L8
2d09a3d1-ea44-5742-a547-8191dd8b0544,t__Leptotrichia buccalis C-1013-b,d__Bacteria;k__;p__Fusobacteria;c__Fusobacteriia;o__Fusobacteriales;f__Leptotrichiaceae;g__Leptotrichia;s__Leptotrichia buccalis;t__Leptotrichia buccalis C-1013-b,0.0004461698088555,1.0,L9
515524fa-8b4f-5c33-80b9-ef12f9803084,s__Leptotrichia trevisanii,d__Bacteria;k__;p__Fusobacteria;c__Fusobacteriia;o__Fusobacteriales;f__Leptotrichiaceae;g__Leptotrichia;s__Leptotrichia trevisanii,0.000350564231415,0.9821428571428572,L8
008a3861-8919-5a72-82cb-35d7048bbf12,s__Leptotrichia sp. oral taxon 498,d__Bacteria;k__;p__Fusobacteria;c__Fusobacteriia;o__Fusobacteriales;f__Leptotrichiaceae;g__Leptotrichia;s__Leptotrichia sp. oral taxon 498,0.0001127305596618,0.9464285714285714,L8
0ed2f68c-ea8b-5925-92b3-caa3db366a39,s__Leptotrichia sp. oral taxon 212,d__Bacteria;k__;p__Fusobacteria;c__Fusobacteriia;o__Fusobacteriales;f__Leptotrichiaceae;g__Leptotrichia;s__Leptotrichia sp. oral taxon 212,0.0012608914579943,1.0,L8
164ef430-639a-5f36-91c7-af075ce83044,s__Leptotrichia wadei,d__Bacteria;k__;p__Fusobacteria;c__Fusobacteriia;o__Fusobacteriales;f__Leptotrichiaceae;g__Leptotrichia;s__Leptotrichia wadei,0.0015819753579938,1.0,L8
6c1d4378-d39d-5bab-b6ec-397d400b6cb8,g__Fusobacterium,d__Bacteria;k__;p__Fusobacteria;c__Fusobacteriia;o__Fusobacteriales;f__Fusobacteriaceae;g__Fusobacterium,0.0009888359553795,1.0,L7
9c04f5ef-1b4e-51f6-9f20-f82f9e9074ae,s__Fusobacterium periodonticum,d__Bacteria;k__;p__Fusobacteria;c__Fusobacteriia;o__Fusobacteriales;f__Fusobacteriaceae;g__Fusobacterium;s__Fusobacterium periodonticum,0.000143540806385,1.0,L8
c900c5cb-3a49-5cd0-8918-9ddc99a92a65,s__Fusobacterium sp. oral taxon 203,d__Bacteria;k__;p__Fusobacteria;c__Fusobacteriia;o__Fusobacteriales;f__Fusobacteriaceae;g__Fusobacterium;s__Fusobacterium sp. oral taxon 203,0.0001017336156765,1.0,L8
dd9ac3de-f18e-5595-9877-768be6e1f92a,s__Fusobacterium pseudoperiodonticum,d__Bacteria;k__;p__Fusobacteria;c__Fusobacteriia;o__Fusobacteriales;f__Fusobacteriaceae;g__Fusobacterium;s__Fusobacterium pseudoperiodonticum,0.0015679031681981,1.0,L8
24270f33-e5da-5555-b340-463542ef3593,s__Fusobacterium hwasookii,d__Bacteria;k__;p__Fusobacteria;c__Fusobacteriia;o__Fusobacteriales;f__Fusobacteriaceae;g__Fusobacterium;s__Fusobacterium hwasookii,0.0001641078919003,0.9642857142857144,L8
02d48cf1-5f01-582f-bdc0-96ec9c43c90b,t__Fusobacterium hwasookii ChDC F174,d__Bacteria;k__;p__Fusobacteria;c__Fusobacteriia;o__Fusobacteriales;f__Fusobacteriaceae;g__Fusobacterium;s__Fusobacterium hwasookii;t__Fusobacterium hwasookii ChDC F174,0.0001042713298745,0.9642857142857144,L9
4a34c3fe-c18f-5e19-95e7-9032ccdb469b,s__Fusobacterium nucleatum,d__Bacteria;k__;p__Fusobacteria;c__Fusobacteriia;o__Fusobacteriales;f__Fusobacteriaceae;g__Fusobacterium;s__Fusobacterium nucleatum,0.0013657817534347,1.0,L8
642233ec-a169-5273-ba33-4358b573a759,t__Fusobacterium nucleatum subsp. polymorphum,d__Bacteria;k__;p__Fusobacteria;c__Fusobacteriia;o__Fusobacteriales;f__Fusobacteriaceae;g__Fusobacterium;s__Fusobacterium nucleatum;t__Fusobacterium nucleatum subsp. polymorphum,0.0007485523951221,1.0,L9
a968c427-0fa1-5620-a996-235c132f2321,t__Fusobacterium nucleatum subsp. vincentii,d__Bacteria;k__;p__Fusobacteria;c__Fusobacteriia;o__Fusobacteriales;f__Fusobacteriaceae;g__Fusobacterium;s__Fusobacterium nucleatum;t__Fusobacterium nucleatum subsp. vincentii,0.0003640197950384,1.0,L9
38e1a880-9be4-52ff-a7af-60928873543e,t__Fusobacterium nucleatum subsp. animalis,d__Bacteria;k__;p__Fusobacteria;c__Fusobacteriia;o__Fusobacteriales;f__Fusobacteriaceae;g__Fusobacterium;s__Fusobacterium nucleatum;t__Fusobacterium nucleatum subsp. animalis,0.0008103200165692,1.0,L9
5157b0e3-53b7-5caf-9f90-91e672fb9775,t__Fusobacterium nucleatum subsp. nucleatum,d__Bacteria;k__;p__Fusobacteria;c__Fusobacteriia;o__Fusobacteriales;f__Fusobacteriaceae;g__Fusobacterium;s__Fusobacterium nucleatum;t__Fusobacterium nucleatum subsp. nucleatum,0.0003077194788026,0.9821428571428572,L9
f1d8c1c9-69d3-5984-a753-b6815291a4c9,g__Treponema,d__Bacteria;k__;p__Spirochaetes;c__Spirochaetia;o__Spirochaetales;f__Spirochaetaceae;g__Treponema,0.000104134791873,0.9107142857142856,L7
7fedb805-8021-5e41-a41f-850dcedf4e72,s__Treponema putidum,d__Bacteria;k__;p__Spirochaetes;c__Spirochaetia;o__Spirochaetales;f__Spirochaetaceae;g__Treponema;s__Treponema putidum,0.0001285803896333,0.9107142857142856,L8
f9b4cd96-4d5a-59a8-9248-5756a0d03315,s__Treponema denticola,d__Bacteria;k__;p__Spirochaetes;c__Spirochaetia;o__Spirochaetales;f__Spirochaetaceae;g__Treponema;s__Treponema denticola,0.000539483773437,0.9642857142857144,L8
f374fbac-ff52-5938-8aef-575cc10b5d41,t__Treponema denticola H-22,d__Bacteria;k__;p__Spirochaetes;c__Spirochaetia;o__Spirochaetales;f__Spirochaetaceae;g__Treponema;s__Treponema denticola;t__Treponema denticola H-22,0.000113288944517,0.8392857142857143,L9
9569055a-6f17-5b79-8ee8-7bb312ba2985,t__Treponema denticola AL-2,d__Bacteria;k__;p__Spirochaetes;c__Spirochaetia;o__Spirochaetales;f__Spirochaetaceae;g__Treponema;s__Treponema denticola;t__Treponema denticola AL-2,0.0001168340668342,0.875,L9
77936530-ebd5-5f6c-bddc-36de6270679a,t__Treponema denticola H1-T,d__Bacteria;k__;p__Spirochaetes;c__Spirochaetia;o__Spirochaetales;f__Spirochaetaceae;g__Treponema;s__Treponema denticola;t__Treponema denticola H1-T,0.0001550693308425,0.8928571428571429,L9
c2dde621-08e2-594e-91fe-b20f6df3eb5f,t__Treponema denticola OTK,d__Bacteria;k__;p__Spirochaetes;c__Spirochaetia;o__Spirochaetales;f__Spirochaetaceae;g__Treponema;s__Treponema denticola;t__Treponema denticola OTK,0.0001556653223298,0.8571428571428571,L9
d266b3cc-267d-5e10-a53a-f0f5fb3ffb09,s__Treponema sp. OMZ 838,d__Bacteria;k__;p__Spirochaetes;c__Spirochaetia;o__Spirochaetales;f__Spirochaetaceae;g__Treponema;s__Treponema sp. OMZ 838,0.0007842281544323,0.9821428571428572,L8
ff627bdd-7968-58de-8fc4-9b0845ddf8f7,s__Treponema sp. OMZ 804,d__Bacteria;k__;p__Spirochaetes;c__Spirochaetia;o__Spirochaetales;f__Spirochaetaceae;g__Treponema;s__Treponema sp. OMZ 804,0.0012494342501814,1.0,L8
217cd6ab-cc55-5e50-bcde-9a4a40bf3155,p__Proteobacteria,d__Bacteria;k__;p__Proteobacteria,0.000529069769305,1.0,L3
ee93e6aa-46ee-534e-bfd1-42bd39989a02,s__Desulfobulbus oralis,d__Bacteria;k__;p__Proteobacteria;c__Deltaproteobacteria;o__Desulfobacterales;f__Desulfobulbaceae;g__Desulfobulbus;s__Desulfobulbus oralis,0.0001870783838588,0.8571428571428571,L8
6feecc96-33b0-5898-a5d6-47c5055d1773,g__Campylobacter,d__Bacteria;k__;p__Proteobacteria;c__Epsilonproteobacteria;o__Campylobacterales;f__Campylobacteraceae;g__Campylobacter,0.000155543856565,1.0,L7
304af152-9cf3-5d3b-96e6-def34c9ac62f,s__Campylobacter concisus,d__Bacteria;k__;p__Proteobacteria;c__Epsilonproteobacteria;o__Campylobacterales;f__Campylobacteraceae;g__Campylobacter;s__Campylobacter concisus,0.0005977026840692,1.0,L8
b5223986-3a23-50ee-a430-a5db849dceee,t__Campylobacter concisus 13826,d__Bacteria;k__;p__Proteobacteria;c__Epsilonproteobacteria;o__Campylobacterales;f__Campylobacteraceae;g__Campylobacter;s__Campylobacter concisus;t__Campylobacter concisus 13826,0.0007045948081756,1.0,L9
199a1988-1e29-53e2-8d60-fb2143781731,s__Campylobacter curvus,d__Bacteria;k__;p__Proteobacteria;c__Epsilonproteobacteria;o__Campylobacterales;f__Campylobacteraceae;g__Campylobacter;s__Campylobacter curvus,0.0001250166938987,0.9821428571428572,L8
d9657950-9406-52ec-a3ed-c7e65531371f,s__Campylobacter gracilis,d__Bacteria;k__;p__Proteobacteria;c__Epsilonproteobacteria;o__Campylobacterales;f__Campylobacteraceae;g__Campylobacter;s__Campylobacter gracilis,0.0010269790973048,1.0,L8
1c7256f7-977a-57e4-9acb-5ea5a2d57eae,s__Campylobacter showae,d__Bacteria;k__;p__Proteobacteria;c__Epsilonproteobacteria;o__Campylobacterales;f__Campylobacteraceae;g__Campylobacter;s__Campylobacter showae,0.0007895798839723,1.0,L8
d80dec66-cf1c-5ecd-9e16-6d7becea9b75,s__Campylobacter rectus,d__Bacteria;k__;p__Proteobacteria;c__Epsilonproteobacteria;o__Campylobacterales;f__Campylobacteraceae;g__Campylobacter;s__Campylobacter rectus,0.0016166876331603,0.9821428571428572,L8
424bcdcf-891e-5bfa-ab52-38777674ed40,c__Gammaproteobacteria,d__Bacteria;k__;p__Proteobacteria;c__Gammaproteobacteria,0.0005303193223374,1.0,L4
80e16759-0c11-5f6c-91d9-7ddec6d57266,s__Cardiobacterium hominis,d__Bacteria;k__;p__Proteobacteria;c__Gammaproteobacteria;o__Cardiobacteriales;f__Cardiobacteriaceae;g__Cardiobacterium;s__Cardiobacterium hominis,0.0005199102312095,1.0,L8
1a003341-a747-594e-9065-00b45c5af55b,s__Escherichia coli,d__Bacteria;k__;p__Proteobacteria;c__Gammaproteobacteria;o__Enterobacterales;f__Enterobacteriaceae;g__Escherichia;s__Escherichia coli,0.0001303152222163,1.0,L8
699c9767-cd0a-51d1-ba93-732dd7fc867d,g__Pseudomonas,d__Bacteria;k__;p__Proteobacteria;c__Gammaproteobacteria;o__Pseudomonadales;f__Pseudomonadaceae;g__Pseudomonas,0.000215924187667,1.0,L7
b472f114-31ab-52eb-b0ed-ecbcdc80ad2d,t__Pseudomonas moraviensis R28-S,d__Bacteria;k__;p__Proteobacteria;c__Gammaproteobacteria;o__Pseudomonadales;f__Pseudomonadaceae;g__Pseudomonas;s__Pseudomonas moraviensis;t__Pseudomonas moraviensis R28-S,0.0001291597324081,0.6607142857142857,L9
ccf47c18-75e1-5c0e-ae21-ce25cb87d485,f__Pasteurellaceae,d__Bacteria;k__;p__Proteobacteria;c__Gammaproteobacteria;o__Pasteurellales;f__Pasteurellaceae,0.0014406660446296,1.0,L6
771a204b-1ea1-5fe6-ab84-b6346f7d983d,s__Glaesserella parasuis,d__Bacteria;k__;p__Proteobacteria;c__Gammaproteobacteria;o__Pasteurellales;f__Pasteurellaceae;g__Glaesserella;s__Glaesserella parasuis,0.000130158439972,0.9642857142857144,L8
0b0a739a-443b-53c8-82fc-0c6094437542,s__Pasteurella multocida,d__Bacteria;k__;p__Proteobacteria;c__Gammaproteobacteria;o__Pasteurellales;f__Pasteurellaceae;g__Pasteurella;s__Pasteurella multocida,0.0002186308305936,0.9821428571428572,L8
cc4cfa18-32e0-55ca-8b06-0a92c5c8fe8e,t__Pasteurella multocida subsp. multocida,d__Bacteria;k__;p__Proteobacteria;c__Gammaproteobacteria;o__Pasteurellales;f__Pasteurellaceae;g__Pasteurella;s__Pasteurella multocida;t__Pasteurella multocida subsp. multocida,0.0002605293469248,0.9821428571428572,L9
49c8e55d-08bd-57ce-b795-cc44016fc060,g__Aggregatibacter,d__Bacteria;k__;p__Proteobacteria;c__Gammaproteobacteria;o__Pasteurellales;f__Pasteurellaceae;g__Aggregatibacter,0.0001636151873507,0.9821428571428572,L7
f2f15cf1-e9db-5b64-b2f5-032441963024,s__Aggregatibacter actinomycetemcomitans,d__Bacteria;k__;p__Proteobacteria;c__Gammaproteobacteria;o__Pasteurellales;f__Pasteurellaceae;g__Aggregatibacter;s__Aggregatibacter actinomycetemcomitans,0.0006405748885241,1.0,L8
904b9e11-99b9-5d07-8bb5-5973d89d1182,t__Aggregatibacter segnis ATCC 33393,d__Bacteria;k__;p__Proteobacteria;c__Gammaproteobacteria;o__Pasteurellales;f__Pasteurellaceae;g__Aggregatibacter;s__Aggregatibacter segnis;t__Aggregatibacter segnis ATCC 33393,0.0017485674037969,1.0,L9
0fe48230-6738-585f-9604-f25b867b4a15,s__Aggregatibacter aphrophilus,d__Bacteria;k__;p__Proteobacteria;c__Gammaproteobacteria;o__Pasteurellales;f__Pasteurellaceae;g__Aggregatibacter;s__Aggregatibacter aphrophilus,0.0012088664889114,1.0,L8
6d7c5143-9ca3-50f2-bb3d-3ab5509c627e,t__Aggregatibacter aphrophilus ATCC 33389,d__Bacteria;k__;p__Proteobacteria;c__Gammaproteobacteria;o__Pasteurellales;f__Pasteurellaceae;g__Aggregatibacter;s__Aggregatibacter aphrophilus;t__Aggregatibacter aphrophilus ATCC 33389,0.0002275842523132,0.9821428571428572,L9
cbf63d18-6f83-5fa1-8e34-e18236e06de7,t__Aggregatibacter aphrophilus NJ8700,d__Bacteria;k__;p__Proteobacteria;c__Gammaproteobacteria;o__Pasteurellales;f__Pasteurellaceae;g__Aggregatibacter;s__Aggregatibacter aphrophilus;t__Aggregatibacter aphrophilus NJ8700,0.0003355775771137,0.9642857142857144,L9
1b8fd16e-54dc-5159-a321-e32d6c1aaf33,g__Haemophilus,d__Bacteria;k__;p__Proteobacteria;c__Gammaproteobacteria;o__Pasteurellales;f__Pasteurellaceae;g__Haemophilus,0.0047666443589586,1.0,L7
f627c2ca-468c-5162-bc68-75f03af52e40,s__Haemophilus parahaemolyticus,d__Bacteria;k__;p__Proteobacteria;c__Gammaproteobacteria;o__Pasteurellales;f__Pasteurellaceae;g__Haemophilus;s__Haemophilus parahaemolyticus,0.0023973947673541,1.0,L8
9a446c2c-fcbf-5cf3-ac33-f9c427bcd706,s__Haemophilus pittmaniae,d__Bacteria;k__;p__Proteobacteria;c__Gammaproteobacteria;o__Pasteurellales;f__Pasteurellaceae;g__Haemophilus;s__Haemophilus pittmaniae,0.0009419150246398,1.0,L8
e9c3c5e3-e6c4-5cd6-9756-853e53ce306c,s__Haemophilus sp. oral taxon 036,d__Bacteria;k__;p__Proteobacteria;c__Gammaproteobacteria;o__Pasteurellales;f__Pasteurellaceae;g__Haemophilus;s__Haemophilus sp. oral taxon 036,0.0052425909876812,1.0,L8
4e430ced-66c4-514d-b515-a106d4ef6760,s__Haemophilus influenzae,d__Bacteria;k__;p__Proteobacteria;c__Gammaproteobacteria;o__Pasteurellales;f__Pasteurellaceae;g__Haemophilus;s__Haemophilus influenzae,0.0051367244338744,1.0,L8
a46b0aed-a21b-5ff8-b129-00ed452e794d,t__Haemophilus influenzae biotype aegyptius,d__Bacteria;k__;p__Proteobacteria;c__Gammaproteobacteria;o__Pasteurellales;f__Pasteurellaceae;g__Haemophilus;s__Haemophilus influenzae;t__Haemophilus influenzae biotype aegyptius,0.0001271697229358,0.9285714285714286,L9
1db9f250-54aa-5f3a-9ce3-512576dce0dc,t__Haemophilus influenzae 2019,d__Bacteria;k__;p__Proteobacteria;c__Gammaproteobacteria;o__Pasteurellales;f__Pasteurellaceae;g__Haemophilus;s__Haemophilus influenzae;t__Haemophilus influenzae 2019,0.0001481326093307,0.9464285714285714,L9
4241f2ad-1837-5b95-9291-06c946cfad42,s__Haemophilus haemolyticus,d__Bacteria;k__;p__Proteobacteria;c__Gammaproteobacteria;o__Pasteurellales;f__Pasteurellaceae;g__Haemophilus;s__Haemophilus haemolyticus,0.010684753237245,1.0,L8
41122224-9d84-56ca-80d5-c7a183d137ef,s__Haemophilus parainfluenzae,d__Bacteria;k__;p__Proteobacteria;c__Gammaproteobacteria;o__Pasteurellales;f__Pasteurellaceae;g__Haemophilus;s__Haemophilus parainfluenzae,0.0338046476055741,1.0,L8
097a721f-a552-50db-8311-a997e6ca91dc,t__Haemophilus parainfluenzae T3T1,d__Bacteria;k__;p__Proteobacteria;c__Gammaproteobacteria;o__Pasteurellales;f__Pasteurellaceae;g__Haemophilus;s__Haemophilus parainfluenzae;t__Haemophilus parainfluenzae T3T1,0.0240886519164831,1.0,L9
32aa11d6-ddef-5893-ac3e-7cc20a2d3c0b,s__Lautropia mirabilis,d__Bacteria;k__;p__Proteobacteria;c__Betaproteobacteria;o__Burkholderiales;f__Burkholderiaceae;g__Lautropia;s__Lautropia mirabilis,0.00807591406629,1.0,L8
258490c1-0a00-5e70-8fa0-9d56ba8c7c9f,f__Neisseriaceae,d__Bacteria;k__;p__Proteobacteria;c__Betaproteobacteria;o__Neisseriales;f__Neisseriaceae,0.0002620534941388,0.9821428571428572,L6
cf2bdefa-4cb8-53ca-94e7-00e064e50886,s__Eikenella exigua,d__Bacteria;k__;p__Proteobacteria;c__Betaproteobacteria;o__Neisseriales;f__Neisseriaceae;g__Eikenella;s__Eikenella exigua,0.0001562929416743,0.9821428571428572,L8
22c095ee-8dcd-5e85-8c1d-0457bf694332,s__Eikenella corrodens,d__Bacteria;k__;p__Proteobacteria;c__Betaproteobacteria;o__Neisseriales;f__Neisseriaceae;g__Eikenella;s__Eikenella corrodens,0.0008506577681226,1.0,L8
169a522b-f561-505e-adf0-1105bef34f6d,g__Neisseria,d__Bacteria;k__;p__Proteobacteria;c__Betaproteobacteria;o__Neisseriales;f__Neisseriaceae;g__Neisseria,0.0050925810421492,1.0,L7
94ce052c-b04b-55d8-8e85-598d5d400260,s__Neisseria brasiliensis,d__Bacteria;k__;p__Proteobacteria;c__Betaproteobacteria;o__Neisseriales;f__Neisseriaceae;g__Neisseria;s__Neisseria brasiliensis,0.0001073045551854,0.9642857142857144,L8
44ca0662-671d-5590-98d4-fae2777335c3,s__Neisseria chenwenguii,d__Bacteria;k__;p__Proteobacteria;c__Betaproteobacteria;o__Neisseriales;f__Neisseriaceae;g__Neisseria;s__Neisseria chenwenguii,0.0001317722452295,0.9642857142857144,L8
3672c71d-d578-5f1f-8d6a-04945dc2b3e0,s__Neisseria polysaccharea,d__Bacteria;k__;p__Proteobacteria;c__Betaproteobacteria;o__Neisseriales;f__Neisseriaceae;g__Neisseria;s__Neisseria polysaccharea,0.0002594520201466,0.9642857142857144,L8
0d52e8b4-f7c5-5bc6-a736-5ecc31b1f24b,s__Neisseria animalis,d__Bacteria;k__;p__Proteobacteria;c__Betaproteobacteria;o__Neisseriales;f__Neisseriaceae;g__Neisseria;s__Neisseria animalis,0.0001071988196784,0.9821428571428572,L8
4a7e5bf6-0122-54a5-a343-3063e03fb252,s__Neisseria gonorrhoeae,d__Bacteria;k__;p__Proteobacteria;c__Betaproteobacteria;o__Neisseriales;f__Neisseriaceae;g__Neisseria;s__Neisseria gonorrhoeae,0.0004185085001867,0.9821428571428572,L8
4ed38448-79df-52fe-9c23-bd066e80ec63,s__Neisseria cinerea,d__Bacteria;k__;p__Proteobacteria;c__Betaproteobacteria;o__Neisseriales;f__Neisseriaceae;g__Neisseria;s__Neisseria cinerea,0.0013531819358998,0.9821428571428572,L8
7bd6103d-142e-5f54-b0b3-1bb8d052ceb8,s__Neisseria flavescens,d__Bacteria;k__;p__Proteobacteria;c__Betaproteobacteria;o__Neisseriales;f__Neisseriaceae;g__Neisseria;s__Neisseria flavescens,0.0019365058113588,1.0,L8
2e4a67fe-63ca-5b99-9543-b487ff2198b8,s__Neisseria lactamica,d__Bacteria;k__;p__Proteobacteria;c__Betaproteobacteria;o__Neisseriales;f__Neisseriaceae;g__Neisseria;s__Neisseria lactamica,0.0005318362131065,0.9821428571428572,L8
1930f0d4-8044-590f-b8c9-0119b78150f2,s__Neisseria subflava,d__Bacteria;k__;p__Proteobacteria;c__Betaproteobacteria;o__Neisseriales;f__Neisseriaceae;g__Neisseria;s__Neisseria subflava,0.0079280526312975,1.0,L8
fa4c3ae4-7969-567d-8595-5f6f8009800d,s__Neisseria meningitidis,d__Bacteria;k__;p__Proteobacteria;c__Betaproteobacteria;o__Neisseriales;f__Neisseriaceae;g__Neisseria;s__Neisseria meningitidis,0.0015576316452028,0.9821428571428572,L8
dbdfbf5f-498b-5cc3-90cc-6f618bfdb784,s__Neisseria sp. KEM232,d__Bacteria;k__;p__Proteobacteria;c__Betaproteobacteria;o__Neisseriales;f__Neisseriaceae;g__Neisseria;s__Neisseria sp. KEM232,0.0003790137172103,0.9821428571428572,L8
632c4543-d9c2-5275-b91a-20a0f27d9c2d,t__Neisseria sp. oral taxon 014 str. F0314,d__Bacteria;k__;p__Proteobacteria;c__Betaproteobacteria;o__Neisseriales;f__Neisseriaceae;g__Neisseria;s__Neisseria sp. oral taxon 014;t__Neisseria sp. oral taxon 014 str. F0314,0.0029605713372768,1.0,L9
fdde0bd5-3d18-5be8-8e36-6e92831a8541,s__Neisseria elongata,d__Bacteria;k__;p__Proteobacteria;c__Betaproteobacteria;o__Neisseriales;f__Neisseriaceae;g__Neisseria;s__Neisseria elongata,0.0019195499798183,1.0,L8
9661ca2d-85c5-51c0-8bc2-84a949a1f9ca,t__Neisseria elongata subsp. glycolytica,d__Bacteria;k__;p__Proteobacteria;c__Betaproteobacteria;o__Neisseriales;f__Neisseriaceae;g__Neisseria;s__Neisseria elongata;t__Neisseria elongata subsp. glycolytica,0.000822638293762,1.0,L9
d7ea1d84-510b-596c-b6df-6ce67555ac38,s__Neisseria mucosa,d__Bacteria;k__;p__Proteobacteria;c__Betaproteobacteria;o__Neisseriales;f__Neisseriaceae;g__Neisseria;s__Neisseria mucosa,0.0135149116638551,1.0,L8
362631e9-1547-54d0-8a96-ab1ac17e1513,p__Bacteroidetes,d__Bacteria;k__;p__Bacteroidetes,0.0002589121348006,1.0,L3
eda583f4-e4a1-5217-bf85-a41bad2fc4a4,f__Flavobacteriaceae,d__Bacteria;k__;p__Bacteroidetes;c__Flavobacteriia;o__Flavobacteriales;f__Flavobacteriaceae,0.0002054272494649,1.0,L6
5088eca2-142b-5c34-ad57-977b50717375,g__Capnocytophaga,d__Bacteria;k__;p__Bacteroidetes;c__Flavobacteriia;o__Flavobacteriales;f__Flavobacteriaceae;g__Capnocytophaga,0.0006475727467148,1.0,L7
f1e218ee-cc87-553a-855c-ce90d4fa3e93,t__Capnocytophaga ochracea DSM 7271,d__Bacteria;k__;p__Bacteroidetes;c__Flavobacteriia;o__Flavobacteriales;f__Flavobacteriaceae;g__Capnocytophaga;s__Capnocytophaga ochracea;t__Capnocytophaga ochracea DSM 7271,0.0002152946919963,1.0,L9
c1b28f9d-f382-56de-a3aa-3b284df21be7,s__Capnocytophaga endodontalis,d__Bacteria;k__;p__Bacteroidetes;c__Flavobacteriia;o__Flavobacteriales;f__Flavobacteriaceae;g__Capnocytophaga;s__Capnocytophaga endodontalis,0.0004371447462213,1.0,L8
5563b2d3-3a90-50ba-ac51-0dad0462abb7,s__Capnocytophaga sputigena,d__Bacteria;k__;p__Bacteroidetes;c__Flavobacteriia;o__Flavobacteriales;f__Flavobacteriaceae;g__Capnocytophaga;s__Capnocytophaga sputigena,0.0012768074696523,1.0,L8
39d28838-dd96-5b50-8d37-63439a2a4aaa,s__Capnocytophaga gingivalis,d__Bacteria;k__;p__Bacteroidetes;c__Flavobacteriia;o__Flavobacteriales;f__Flavobacteriaceae;g__Capnocytophaga;s__Capnocytophaga gingivalis,0.0015997584586721,1.0,L8
1bf9d91b-c0b6-5c5c-b3a6-d5cfe50093ac,s__Capnocytophaga leadbetteri,d__Bacteria;k__;p__Bacteroidetes;c__Flavobacteriia;o__Flavobacteriales;f__Flavobacteriaceae;g__Capnocytophaga;s__Capnocytophaga leadbetteri,0.000388054300925,0.9821428571428572,L8
799ffefb-061c-5a7d-82ac-b50d8cef0963,s__Capnocytophaga sp. oral taxon 878,d__Bacteria;k__;p__Bacteroidetes;c__Flavobacteriia;o__Flavobacteriales;f__Flavobacteriaceae;g__Capnocytophaga;s__Capnocytophaga sp. oral taxon 878,0.0001379990846729,0.9821428571428572,L8
4aaad26d-8676-5840-b81c-99939b0bcba9,s__Capnocytophaga sp. oral taxon 323,d__Bacteria;k__;p__Bacteroidetes;c__Flavobacteriia;o__Flavobacteriales;f__Flavobacteriaceae;g__Capnocytophaga;s__Capnocytophaga sp. oral taxon 323,0.0002903353262809,1.0,L8
713cfa0b-6ee0-549c-8946-091ef2a1ff25,s__Capnocytophaga sp. oral taxon 864,d__Bacteria;k__;p__Bacteroidetes;c__Flavobacteriia;o__Flavobacteriales;f__Flavobacteriaceae;g__Capnocytophaga;s__Capnocytophaga sp. oral taxon 864,0.0002970303519286,0.9821428571428572,L8
4ba727b7-eba8-54ae-b29e-f3e228fcab25,s__Capnocytophaga sp. FDAARGOS 737,d__Bacteria;k__;p__Bacteroidetes;c__Flavobacteriia;o__Flavobacteriales;f__Flavobacteriaceae;g__Capnocytophaga;s__Capnocytophaga sp. FDAARGOS 737,0.0004319891133415,1.0,L8
ad4d10e8-b430-5548-85c1-e4af86852929,o__Bacteroidales,d__Bacteria;k__;p__Bacteroidetes;c__Bacteroidia;o__Bacteroidales,0.000995389457995,1.0,L5
74e6df0d-4028-5ede-8a94-3c6c6e56f404,g__Bacteroides,d__Bacteria;k__;p__Bacteroidetes;c__Bacteroidia;o__Bacteroidales;f__Bacteroidaceae;g__Bacteroides,0.0001981028353819,0.9821428571428572,L7
3c510955-2342-5212-88c4-cb7a90123c6b,s__Bacteroides zoogleoformans,d__Bacteria;k__;p__Bacteroidetes;c__Bacteroidia;o__Bacteroidales;f__Bacteroidaceae;g__Bacteroides;s__Bacteroides zoogleoformans,0.0001006628391061,1.0,L8
c73f1f1a-56cb-533a-889e-11c61559f6d7,s__Tannerella sp. oral taxon HOT-286,d__Bacteria;k__;p__Bacteroidetes;c__Bacteroidia;o__Bacteroidales;f__Tannerellaceae;g__Tannerella;s__Tannerella sp. oral taxon HOT-286,0.003538891983235,1.0,L8
0557b81c-dc8d-5e1c-9c78-0edd952439b7,s__Tannerella forsythia,d__Bacteria;k__;p__Bacteroidetes;c__Bacteroidia;o__Bacteroidales;f__Tannerellaceae;g__Tannerella;s__Tannerella forsythia,0.0014670483618045,1.0,L8
7e6abadb-1569-52ef-9725-be82fbf5b7cc,t__Tannerella forsythia 3313,d__Bacteria;k__;p__Bacteroidetes;c__Bacteroidia;o__Bacteroidales;f__Tannerellaceae;g__Tannerella;s__Tannerella forsythia;t__Tannerella forsythia 3313,0.0001997389809608,0.9642857142857144,L9
dea9e725-e895-5b70-9a4b-e22fd119701a,t__Tannerella forsythia KS16,d__Bacteria;k__;p__Bacteroidetes;c__Bacteroidia;o__Bacteroidales;f__Tannerellaceae;g__Tannerella;s__Tannerella forsythia;t__Tannerella forsythia KS16,0.000188263579066,0.9821428571428572,L9
4b78ab1d-3955-54a8-bf30-9886ce4ea253,t__Tannerella forsythia 92A2,d__Bacteria;k__;p__Bacteroidetes;c__Bacteroidia;o__Bacteroidales;f__Tannerellaceae;g__Tannerella;s__Tannerella forsythia;t__Tannerella forsythia 92A2,0.0003482252493953,0.9464285714285714,L9
3e43c2e4-0a5e-5cc2-99fe-fed57a6aa7ca,s__Porphyromonas gingivalis,d__Bacteria;k__;p__Bacteroidetes;c__Bacteroidia;o__Bacteroidales;f__Porphyromonadaceae;g__Porphyromonas;s__Porphyromonas gingivalis,0.0056417552098578,1.0,L8
a207a968-c10c-5d3b-9fa6-a47ffa4ab6c8,t__Porphyromonas gingivalis A7A1-28,d__Bacteria;k__;p__Bacteroidetes;c__Bacteroidia;o__Bacteroidales;f__Porphyromonadaceae;g__Porphyromonas;s__Porphyromonas gingivalis;t__Porphyromonas gingivalis A7A1-28,0.0001091959254939,0.7678571428571429,L9
71fad064-5eb4-5119-8b2b-5c7721c666de,t__Porphyromonas gingivalis AJW4,d__Bacteria;k__;p__Bacteroidetes;c__Bacteroidia;o__Bacteroidales;f__Porphyromonadaceae;g__Porphyromonas;s__Porphyromonas gingivalis;t__Porphyromonas gingivalis AJW4,0.0003320503556876,0.7857142857142857,L9
b9434e4e-cf64-5db4-9767-5d112148aa71,s__Alloprevotella sp. E39,d__Bacteria;k__;p__Bacteroidetes;c__Bacteroidia;o__Bacteroidales;f__Prevotellaceae;g__Alloprevotella;s__Alloprevotella sp. E39,0.0001326107174946,0.9464285714285714,L8
2216a136-aaab-5a5f-8226-5a6ca120b0d2,g__Prevotella,d__Bacteria;k__;p__Bacteroidetes;c__Bacteroidia;o__Bacteroidales;f__Prevotellaceae;g__Prevotella,0.0018130054935352,1.0,L7
614accdb-7464-5a3d-bdf4-c35ba69c2711,t__Prevotella sp. oral taxon 299 str. F0039,d__Bacteria;k__;p__Bacteroidetes;c__Bacteroidia;o__Bacteroidales;f__Prevotellaceae;g__Prevotella;s__Prevotella sp. oral taxon 299;t__Prevotella sp. oral taxon 299 str. F0039,0.0009883983406735,1.0,L9
242e745e-bd14-5880-8e05-ffe0f1282947,t__Prevotella scopos JCM 17725,d__Bacteria;k__;p__Bacteroidetes;c__Bacteroidia;o__Bacteroidales;f__Prevotellaceae;g__Prevotella;s__Prevotella scopos;t__Prevotella scopos JCM 17725,0.0008357669498185,1.0,L9
fd0e977d-3187-5cfc-9314-e73fc8d897cd,s__Prevotella jejuni,d__Bacteria;k__;p__Bacteroidetes;c__Bacteroidia;o__Bacteroidales;f__Prevotellaceae;g__Prevotella;s__Prevotella jejuni,0.004608700685319,1.0,L8
bc465135-307b-5081-951e-53ce04682049,s__Prevotella enoeca,d__Bacteria;k__;p__Bacteroidetes;c__Bacteroidia;o__Bacteroidales;f__Prevotellaceae;g__Prevotella;s__Prevotella enoeca,0.0009785897895636,1.0,L8
65bac863-4e8c-5039-9346-3d1b08108aa5,t__Prevotella fusca JCM 17724,d__Bacteria;k__;p__Bacteroidetes;c__Bacteroidia;o__Bacteroidales;f__Prevotellaceae;g__Prevotella;s__Prevotella fusca;t__Prevotella fusca JCM 17724,0.0006071202638998,1.0,L9
52902974-a9b7-5bb8-b37c-1f6390d1e9e2,t__Prevotella dentalis DSM 3688,d__Bacteria;k__;p__Bacteroidetes;c__Bacteroidia;o__Bacteroidales;f__Prevotellaceae;g__Prevotella;s__Prevotella dentalis;t__Prevotella dentalis DSM 3688,0.0004331122936963,1.0,L9
c5875a70-641d-590d-82a9-b6fac2c5e1ee,s__Prevotella oris,d__Bacteria;k__;p__Bacteroidetes;c__Bacteroidia;o__Bacteroidales;f__Prevotellaceae;g__Prevotella;s__Prevotella oris,0.0029152640255853,1.0,L8
ffcf04f7-b1b3-5297-aa1c-d7ec360218c4,s__Prevotella melaninogenica,d__Bacteria;k__;p__Bacteroidetes;c__Bacteroidia;o__Bacteroidales;f__Prevotellaceae;g__Prevotella;s__Prevotella melaninogenica,0.0111568998657106,1.0,L8
9b053814-f1cc-54f2-8308-228625076186,s__Prevotella intermedia,d__Bacteria;k__;p__Bacteroidetes;c__Bacteroidia;o__Bacteroidales;f__Prevotellaceae;g__Prevotella;s__Prevotella intermedia,0.0055515126718891,1.0,L8
e3e55c62-19ee-50e9-b242-fea13bf6249d,t__Prevotella intermedia ATCC 25611 =_DSM 20706,d__Bacteria;k__;p__Bacteroidetes;c__Bacteroidia;o__Bacteroidales;f__Prevotellaceae;g__Prevotella;s__Prevotella intermedia;t__Prevotella intermedia ATCC 25611 =_DSM 20706,0.000402156182799,1.0,L9
68a88653-e178-5990-bacb-d2499043518b,s__Prevotella denticola,d__Bacteria;k__;p__Bacteroidetes;c__Bacteroidia;o__Bacteroidales;f__Prevotellaceae;g__Prevotella;s__Prevotella denticola,0.0014792768828845,1.0,L8
aba2bf9e-ad87-54f7-8588-ecf4013ce8be,t__Prevotella denticola F0289,d__Bacteria;k__;p__Bacteroidetes;c__Bacteroidia;o__Bacteroidales;f__Prevotellaceae;g__Prevotella;s__Prevotella denticola;t__Prevotella denticola F0289,0.0015607154381275,1.0,L9
b660b909-cf50-55a0-a46a-71daab9ddee2,t__Olsenella uli DSM 7084,d__Bacteria;k__;p__Actinobacteria;c__Coriobacteriia;o__Coriobacteriales;f__Atopobiaceae;g__Olsenella;s__Olsenella uli;t__Olsenella uli DSM 7084,0.0001757016392214,0.9285714285714286,L9
69921418-e81c-5f33-91aa-7d790ad982f7,s__Olsenella sp. oral taxon 807,d__Bacteria;k__;p__Actinobacteria;c__Coriobacteriia;o__Coriobacteriales;f__Atopobiaceae;g__Olsenella;s__Olsenella sp. oral taxon 807,0.0006826805352915,1.0,L8
398c462c-8ddd-5c72-822a-138ffad828b8,t__Atopobium parvulum DSM 20469,d__Bacteria;k__;p__Actinobacteria;c__Coriobacteriia;o__Coriobacteriales;f__Atopobiaceae;g__Atopobium;s__Atopobium parvulum;t__Atopobium parvulum DSM 20469,0.0010115956243314,1.0,L9
931adac9-3665-5b1a-adfd-2554242dfee4,c__Actinobacteria,d__Bacteria;k__;p__Actinobacteria;c__Actinobacteria,0.0018693255112728,1.0,L4
df379b0e-fae7-5118-8c07-089594e45845,s__Cutibacterium acnes,d__Bacteria;k__;p__Actinobacteria;c__Actinobacteria;o__Propionibacteriales;f__Propionibacteriaceae;g__Cutibacterium;s__Cutibacterium acnes,0.0008357818717296,1.0,L8
f12f97c4-a982-5779-9dfe-9b2b8e505c6c,s__Pseudopropionibacterium propionicum,d__Bacteria;k__;p__Actinobacteria;c__Actinobacteria;o__Propionibacteriales;f__Propionibacteriaceae;g__Pseudopropionibacterium;s__Pseudopropionibacterium propionicum,0.0017510141438732,1.0,L8
34e64ebe-03ed-5baf-900f-32ef30c6e473,s__Propionibacterium acidifaciens,d__Bacteria;k__;p__Actinobacteria;c__Actinobacteria;o__Propionibacteriales;f__Propionibacteriaceae;g__Propionibacterium;s__Propionibacterium acidifaciens,0.0003196350238123,1.0,L8
1b901fea-e814-5262-ba85-08e95747ac20,g__Streptomyces,d__Bacteria;k__;p__Actinobacteria;c__Actinobacteria;o__Streptomycetales;f__Streptomycetaceae;g__Streptomyces,0.0002023574685438,1.0,L7
a9097c98-4c61-5e23-a299-579f51cd6fcc,s__Bifidobacterium longum,d__Bacteria;k__;p__Actinobacteria;c__Actinobacteria;o__Bifidobacteriales;f__Bifidobacteriaceae;g__Bifidobacterium;s__Bifidobacterium longum,0.0001496173999945,0.9285714285714286,L8
3a3b9976-a60e-5a9e-90b7-0dd61f7c34fb,s__Bifidobacterium dentium,d__Bacteria;k__;p__Actinobacteria;c__Actinobacteria;o__Bifidobacteriales;f__Bifidobacteriaceae;g__Bifidobacterium;s__Bifidobacterium dentium,0.0004588410287093,0.8928571428571429,L8
0a517c1b-b795-5fd8-af24-92b730e42e38,g__Corynebacterium,d__Bacteria;k__;p__Actinobacteria;c__Actinobacteria;o__Corynebacteriales;f__Corynebacteriaceae;g__Corynebacterium,0.0001387521036549,1.0,L7
87230498-e6a0-5aa0-9a09-9355139ecd86,s__Corynebacterium matruchotii,d__Bacteria;k__;p__Actinobacteria;c__Actinobacteria;o__Corynebacteriales;f__Corynebacteriaceae;g__Corynebacterium;s__Corynebacterium matruchotii,0.0197907604482668,1.0,L8
cfdfccef-62bf-5bb9-86f1-1ae0276367aa,o__Micrococcales,d__Bacteria;k__;p__Actinobacteria;c__Actinobacteria;o__Micrococcales,0.0002127367271647,1.0,L5
5714fb8e-b14b-5a86-b4f6-65cbc4dde07d,g__Rothia,d__Bacteria;k__;p__Actinobacteria;c__Actinobacteria;o__Micrococcales;f__Micrococcaceae;g__Rothia,0.0008247996705866,1.0,L7
c6921bad-9e3a-5fab-b4ab-af28ad0d17c7,s__Rothia aeria,d__Bacteria;k__;p__Actinobacteria;c__Actinobacteria;o__Micrococcales;f__Micrococcaceae;g__Rothia;s__Rothia aeria,0.0048117680751119,1.0,L8
364a501f-92f9-5157-9281-8cbf1314dcce,s__Rothia mucilaginosa,d__Bacteria;k__;p__Actinobacteria;c__Actinobacteria;o__Micrococcales;f__Micrococcaceae;g__Rothia;s__Rothia mucilaginosa,0.0182891603725016,1.0,L8
bbd3a403-451b-5f67-a5b4-a788cd770123,t__Rothia mucilaginosa DY-18,d__Bacteria;k__;p__Actinobacteria;c__Actinobacteria;o__Micrococcales;f__Micrococcaceae;g__Rothia;s__Rothia mucilaginosa;t__Rothia mucilaginosa DY-18,0.0088302055258101,1.0,L9
d046d8cd-dc30-5e9e-99f4-7e511ad54145,s__Rothia dentocariosa,d__Bacteria;k__;p__Actinobacteria;c__Actinobacteria;o__Micrococcales;f__Micrococcaceae;g__Rothia;s__Rothia dentocariosa,0.0297997341254973,1.0,L8
e9418d45-5564-5498-ad95-2e23aaf70f1d,t__Rothia dentocariosa ATCC 17931,d__Bacteria;k__;p__Actinobacteria;c__Actinobacteria;o__Micrococcales;f__Micrococcaceae;g__Rothia;s__Rothia dentocariosa;t__Rothia dentocariosa ATCC 17931,0.0181220928123008,1.0,L9
b03e673e-fae9-55e3-a4f1-2c4ca1ddae87,f__Actinomycetaceae,d__Bacteria;k__;p__Actinobacteria;c__Actinobacteria;o__Actinomycetales;f__Actinomycetaceae,0.0002276471273718,1.0,L6
ecd839fc-fa53-51e3-891c-7afc96b78d11,s__Pauljensenia hongkongensis,d__Bacteria;k__;p__Actinobacteria;c__Actinobacteria;o__Actinomycetales;f__Actinomycetaceae;g__Pauljensenia;s__Pauljensenia hongkongensis,0.0019639818478799,1.0,L8
065c03ea-a24f-5727-85c8-ea02a81f964f,g__Schaalia,d__Bacteria;k__;p__Actinobacteria;c__Actinobacteria;o__Actinomycetales;f__Actinomycetaceae;g__Schaalia,0.0001722854116662,0.9821428571428572,L7
be5fad9c-80c0-5220-be2f-59547bef0c95,s__Schaalia meyeri,d__Bacteria;k__;p__Actinobacteria;c__Actinobacteria;o__Actinomycetales;f__Actinomycetaceae;g__Schaalia;s__Schaalia meyeri,0.0006982504108481,1.0,L8
dc60e69b-2671-5896-be76-a8da52b1a72d,t__Schaalia cardiffensis F0333,d__Bacteria;k__;p__Actinobacteria;c__Actinobacteria;o__Actinomycetales;f__Actinomycetaceae;g__Schaalia;s__Schaalia cardiffensis;t__Schaalia cardiffensis F0333,0.0002020795688566,1.0,L9
2a3226cd-8a87-5d1e-925a-ea20160b2c62,s__Schaalia odontolytica,d__Bacteria;k__;p__Actinobacteria;c__Actinobacteria;o__Actinomycetales;f__Actinomycetaceae;g__Schaalia;s__Schaalia odontolytica,0.011457245342345,1.0,L8
c6d30d1c-c579-568a-af30-53ac243de203,g__Actinomyces,d__Bacteria;k__;p__Actinobacteria;c__Actinobacteria;o__Actinomycetales;f__Actinomycetaceae;g__Actinomyces,0.0186380202279404,1.0,L7
9fe40679-4ddb-58df-a708-9b44ecf77c60,s__Actinomyces gaoshouyii,d__Bacteria;k__;p__Actinobacteria;c__Actinobacteria;o__Actinomycetales;f__Actinomycetaceae;g__Actinomyces;s__Actinomyces gaoshouyii,0.000141378263348,0.9821428571428572,L8
9a05a7e0-7e2b-56de-97ab-832f8a680ec2,s__Actinomyces israelii,d__Bacteria;k__;p__Actinobacteria;c__Actinobacteria;o__Actinomycetales;f__Actinomycetaceae;g__Actinomyces;s__Actinomyces israelii,0.0001643573183986,0.9642857142857144,L8
00a4c21d-a9dd-5708-b5d8-a4d01c0f81d8,s__Actinomyces pacaensis,d__Bacteria;k__;p__Actinobacteria;c__Actinobacteria;o__Actinomycetales;f__Actinomycetaceae;g__Actinomyces;s__Actinomyces pacaensis,0.000406836275671,1.0,L8
fad11cc1-3332-552a-bfa9-28218e50d350,s__Actinomyces qiguomingii,d__Bacteria;k__;p__Actinobacteria;c__Actinobacteria;o__Actinomycetales;f__Actinomycetaceae;g__Actinomyces;s__Actinomyces qiguomingii,0.000192634986579,1.0,L8
9e8ad027-d487-5d94-99b6-1ddd5aa59f46,s__Actinomyces slackii,d__Bacteria;k__;p__Actinobacteria;c__Actinobacteria;o__Actinomycetales;f__Actinomycetaceae;g__Actinomyces;s__Actinomyces slackii,0.0005342245654525,1.0,L8
a2019778-5a50-5347-8ff5-bc2392358f7c,s__Actinomyces radicidentis,d__Bacteria;k__;p__Actinobacteria;c__Actinobacteria;o__Actinomycetales;f__Actinomycetaceae;g__Actinomyces;s__Actinomyces radicidentis,0.000444479797043,1.0,L8
cafc915f-a93b-52d0-8a73-4b69d5a04f30,s__Actinomyces howellii,d__Bacteria;k__;p__Actinobacteria;c__Actinobacteria;o__Actinomycetales;f__Actinomycetaceae;g__Actinomyces;s__Actinomyces howellii,0.0004474797413307,1.0,L8
7d7fc76f-0244-5ffe-8871-cc89eb752bce,s__Actinomyces viscosus,d__Bacteria;k__;p__Actinobacteria;c__Actinobacteria;o__Actinomycetales;f__Actinomycetaceae;g__Actinomyces;s__Actinomyces viscosus,0.0062452590902303,1.0,L8
f2a73693-2b5d-5ff9-be39-0ca5eac1c019,s__Actinomyces naeslundii,d__Bacteria;k__;p__Actinobacteria;c__Actinobacteria;o__Actinomycetales;f__Actinomycetaceae;g__Actinomyces;s__Actinomyces naeslundii,0.0112644510876907,1.0,L8
2d967f4d-ee09-54f7-b203-1016750679cb,s__Actinomyces oris,d__Bacteria;k__;p__Actinobacteria;c__Actinobacteria;o__Actinomycetales;f__Actinomycetaceae;g__Actinomyces;s__Actinomyces oris,0.0131957805516482,1.0,L8
396effc8-68c8-598f-ade4-3f85eac3851f,s__Actinomyces sp. 2129,d__Bacteria;k__;p__Actinobacteria;c__Actinobacteria;o__Actinomycetales;f__Actinomycetaceae;g__Actinomyces;s__Actinomyces sp. 2129,0.0001689008723733,1.0,L8
7aea8ce0-d423-59dc-a06f-b964d37fe46e,s__Actinomyces sp. zg-325,d__Bacteria;k__;p__Actinobacteria;c__Actinobacteria;o__Actinomycetales;f__Actinomycetaceae;g__Actinomyces;s__Actinomyces sp. zg-325,0.000188123111456,1.0,L8
7814bd4d-c4a5-52af-bc2c-7793230c688b,s__Actinomyces sp. 299,d__Bacteria;k__;p__Actinobacteria;c__Actinobacteria;o__Actinomycetales;f__Actinomycetaceae;g__Actinomyces;s__Actinomyces sp. 299,0.0001936934654549,1.0,L8
e571070c-bd90-520d-8583-ba27f037ba30,s__Actinomyces sp. 432,d__Bacteria;k__;p__Actinobacteria;c__Actinobacteria;o__Actinomycetales;f__Actinomycetaceae;g__Actinomyces;s__Actinomyces sp. 432,0.0001854913634117,0.9821428571428572,L8
85967454-3711-58cb-af4f-912ccda7f019,s__Actinomyces sp. dk561,d__Bacteria;k__;p__Actinobacteria;c__Actinobacteria;o__Actinomycetales;f__Actinomycetaceae;g__Actinomyces;s__Actinomyces sp. dk561,0.0002475255403473,1.0,L8
d8617593-85bb-51f3-b578-7fcc5b5965ad,s__Actinomyces sp. Chiba101,d__Bacteria;k__;p__Actinobacteria;c__Actinobacteria;o__Actinomycetales;f__Actinomycetaceae;g__Actinomyces;s__Actinomyces sp. Chiba101,0.0002893192295085,1.0,L8
130a79be-0455-549c-98ac-4368f45f6e98,s__Actinomyces sp. Z16,d__Bacteria;k__;p__Actinobacteria;c__Actinobacteria;o__Actinomycetales;f__Actinomycetaceae;g__Actinomyces;s__Actinomyces sp. Z16,0.000234258231458,0.9821428571428572,L8
78f4c95d-e297-560b-a701-c856cb243561,s__Actinomyces sp. oral taxon 897,d__Bacteria;k__;p__Actinobacteria;c__Actinobacteria;o__Actinomycetales;f__Actinomycetaceae;g__Actinomyces;s__Actinomyces sp. oral taxon 897,0.0043565624182654,1.0,L8
af6e7aca-2314-5996-a8f6-b05467022fdc,s__Actinomyces sp. oral taxon 414,d__Bacteria;k__;p__Actinobacteria;c__Actinobacteria;o__Actinomycetales;f__Actinomycetaceae;g__Actinomyces;s__Actinomyces sp. oral taxon 414,0.0050283771495895,1.0,L8
2d4fcc7e-edf8-5013-bf36-207a7fff6e1e,t__Actinomyces sp. oral taxon 171 str. F0337,d__Bacteria;k__;p__Actinobacteria;c__Actinobacteria;o__Actinomycetales;f__Actinomycetaceae;g__Actinomyces;s__Actinomyces sp. oral taxon 171;t__Actinomyces sp. oral taxon 171 str. F0337,0.0145621617541151,1.0,L9
acb10dc6-e433-5b70-a1b8-87bfef786ca1,t__Actinomyces sp. oral taxon 848 str. F0332,d__Bacteria;k__;p__Actinobacteria;c__Actinobacteria;o__Actinomycetales;f__Actinomycetaceae;g__Actinomyces;s__Actinomyces sp. oral taxon 848;t__Actinomyces sp. oral taxon 848 str. F0332,0.0031903894034746,1.0,L9
26fe328c-e9a4-500d-8052-31338f9d125b,p__Firmicutes,d__Bacteria;k__;p__Firmicutes,0.0008173099248632,1.0,L3
023e7197-1f73-59db-b825-fcdb3f0c5c34,s__Parvimonas micra,d__Bacteria;k__;p__Firmicutes;c__Tissierellia;o__Tissierellales;f__Peptoniphilaceae;g__Parvimonas;s__Parvimonas micra,0.0005651529108788,1.0,L8
98591401-dfef-5595-818f-e4bd3d898779,o__Clostridiales,d__Bacteria;k__;p__Firmicutes;c__Clostridia;o__Clostridiales,0.0001057431376863,1.0,L5
b4526612-f4d3-5842-a3da-664eae4225a1,s__Clostridium botulinum,d__Bacteria;k__;p__Firmicutes;c__Clostridia;o__Clostridiales;f__Clostridiaceae;g__Clostridium;s__Clostridium botulinum,0.0002444045100037,1.0,L8
4d69d501-f6cc-5dc8-ac12-e136d176cc66,t__Eubacterium sulci ATCC 35585,d__Bacteria;k__;p__Firmicutes;c__Clostridia;o__Clostridiales;f__Clostridiales Family XIII. Incertae Sedis;g__;s__[Eubacterium] sulci;t__Eubacterium sulci ATCC 35585,0.0002185208666225,1.0,L9
9a3432a5-3db8-5465-8f97-8abca87f4127,s__Mogibacterium diversum,d__Bacteria;k__;p__Firmicutes;c__Clostridia;o__Clostridiales;f__Clostridiales Family XIII. Incertae Sedis;g__Mogibacterium;s__Mogibacterium diversum,0.0003726203715499,0.9821428571428572,L8
26c781a5-459a-51c2-bff8-3e591e1bf6c6,s__Lachnoanaerobaculum umeaense,d__Bacteria;k__;p__Firmicutes;c__Clostridia;o__Clostridiales;f__Lachnospiraceae;g__Lachnoanaerobaculum;s__Lachnoanaerobaculum umeaense,0.0003732816003454,1.0,L8
7b856497-2794-5524-a50a-19be4cf485df,s__Lachnospiraceae bacterium oral taxon 500,d__Bacteria;k__;p__Firmicutes;c__Clostridia;o__Clostridiales;f__Lachnospiraceae;g__;s__Lachnospiraceae bacterium oral taxon 500,0.0002649900783291,0.9821428571428572,L8
2893376e-27e4-580a-9faf-f5af2be2f862,t__Filifactor alocis ATCC 35896,d__Bacteria;k__;p__Firmicutes;c__Clostridia;o__Clostridiales;f__Peptostreptococcaceae;g__Filifactor;s__Filifactor alocis;t__Filifactor alocis ATCC 35896,0.0006058422110097,1.0,L9
4ecfc9f4-7e19-5aae-a48a-303c947a617e,s__Selenomonas sp. oral taxon 478,d__Bacteria;k__;p__Firmicutes;c__Negativicutes;o__Selenomonadales;f__Selenomonadaceae;g__Selenomonas;s__Selenomonas sp. oral taxon 478,0.0002022998007988,0.9821428571428572,L8
62e939b6-f8b3-5dc9-a404-a6c594cd0ed0,s__Selenomonas sp. oral taxon 136,d__Bacteria;k__;p__Firmicutes;c__Negativicutes;o__Selenomonadales;f__Selenomonadaceae;g__Selenomonas;s__Selenomonas sp. oral taxon 136,0.0002312565845157,0.9821428571428572,L8
a660b3a6-d793-54e6-b256-27857c742c5d,s__Selenomonas sp. oral taxon 126,d__Bacteria;k__;p__Firmicutes;c__Negativicutes;o__Selenomonadales;f__Selenomonadaceae;g__Selenomonas;s__Selenomonas sp. oral taxon 126,0.0002739702504372,1.0,L8
f68490db-2b24-5474-86be-93fa474d479d,s__Selenomonas sp. oral taxon 920,d__Bacteria;k__;p__Firmicutes;c__Negativicutes;o__Selenomonadales;f__Selenomonadaceae;g__Selenomonas;s__Selenomonas sp. oral taxon 920,0.0002948352665872,1.0,L8
9b4d09f9-d0f5-5929-828a-986b654c9ca6,t__Selenomonas sputigena ATCC 35185,d__Bacteria;k__;p__Firmicutes;c__Negativicutes;o__Selenomonadales;f__Selenomonadaceae;g__Selenomonas;s__Selenomonas sputigena;t__Selenomonas sputigena ATCC 35185,0.0006912783741608,1.0,L9
2f20461b-dc4f-58c8-92ef-4fe725787cb5,s__Dialister pneumosintes,d__Bacteria;k__;p__Firmicutes;c__Negativicutes;o__Veillonellales;f__Veillonellaceae;g__Dialister;s__Dialister pneumosintes,0.0001275941310815,1.0,L8
08638667-a467-59f0-8ff6-0903043044fe,g__Veillonella,d__Bacteria;k__;p__Firmicutes;c__Negativicutes;o__Veillonellales;f__Veillonellaceae;g__Veillonella,0.0017060936484616,1.0,L7
e4c79131-3b98-5cb1-aa61-3bf4ad926d72,s__Veillonella rodentium,d__Bacteria;k__;p__Firmicutes;c__Negativicutes;o__Veillonellales;f__Veillonellaceae;g__Veillonella;s__Veillonella rodentium,0.0004376153114261,1.0,L8
ef149b13-f6df-53ab-ab35-b0fded0e6376,s__Veillonella atypica,d__Bacteria;k__;p__Firmicutes;c__Negativicutes;o__Veillonellales;f__Veillonellaceae;g__Veillonella;s__Veillonella atypica,0.0064153244556889,1.0,L8
2a91639d-7f59-5643-9b1d-d2f9b703d3c9,s__Veillonella dispar,d__Bacteria;k__;p__Firmicutes;c__Negativicutes;o__Veillonellales;f__Veillonellaceae;g__Veillonella;s__Veillonella dispar,0.0102393652429352,1.0,L8
6ddbcde1-6faa-559e-abed-5fcb1cbad3a7,s__Veillonella parvula,d__Bacteria;k__;p__Firmicutes;c__Negativicutes;o__Veillonellales;f__Veillonellaceae;g__Veillonella;s__Veillonella parvula,0.0226515452038679,1.0,L8
5596d9ee-3682-58d7-898c-8f525f98c46b,t__Veillonella parvula HSIVP1,d__Bacteria;k__;p__Firmicutes;c__Negativicutes;o__Veillonellales;f__Veillonellaceae;g__Veillonella;s__Veillonella parvula;t__Veillonella parvula HSIVP1,0.0054161667506136,1.0,L9
9e4069cd-6917-5ce0-b9a8-1c8eeb759275,c__Bacilli,d__Bacteria;k__;p__Firmicutes;c__Bacilli,0.000932674645254,1.0,L4
753e05ba-f31d-57b6-8c84-4bc66f0cdfc0,o__Bacillales,d__Bacteria;k__;p__Firmicutes;c__Bacilli;o__Bacillales,0.0001730858061107,1.0,L5
1046c0b4-3d6d-51fc-856a-780d6c614c07,t__Solibacillus silvestris StLB046,d__Bacteria;k__;p__Firmicutes;c__Bacilli;o__Bacillales;f__Planococcaceae;g__Solibacillus;s__Solibacillus silvestris;t__Solibacillus silvestris StLB046,0.0001069092375983,0.9821428571428572,L9
a7373563-0aa1-5ad0-97b3-e01bf4ab058d,s__Staphylococcus epidermidis,d__Bacteria;k__;p__Firmicutes;c__Bacilli;o__Bacillales;f__Staphylococcaceae;g__Staphylococcus;s__Staphylococcus epidermidis,0.0001233109568178,1.0,L8
0ec1ccce-cda3-58dc-93e6-bec8c93702a8,g__Gemella,d__Bacteria;k__;p__Firmicutes;c__Bacilli;o__Bacillales;f__;g__Gemella,0.0004835435201053,1.0,L7
6cfe0ba9-669b-5218-91d2-8ce4fa1409d6,s__Gemella sanguinis,d__Bacteria;k__;p__Firmicutes;c__Bacilli;o__Bacillales;f__;g__Gemella;s__Gemella sanguinis,0.0018520875432234,1.0,L8
e7e3ef70-dc68-5c57-9fda-7c2843e2bd64,s__Gemella haemolysans,d__Bacteria;k__;p__Firmicutes;c__Bacilli;o__Bacillales;f__;g__Gemella;s__Gemella haemolysans,0.0161992904375525,1.0,L8
ab499c05-17c7-57c2-9126-c01a5d848606,s__Gemella morbillorum,d__Bacteria;k__;p__Firmicutes;c__Bacilli;o__Bacillales;f__;g__Gemella;s__Gemella morbillorum,0.0008805231457852,1.0,L8
6795710d-b4ae-5607-a00a-37a1845ab7ee,o__Lactobacillales,d__Bacteria;k__;p__Firmicutes;c__Bacilli;o__Lactobacillales,0.0008850687370688,1.0,L5
fa59a1c8-c0a2-5ba6-b83e-02abe256f7e2,s__Enterococcus faecium,d__Bacteria;k__;p__Firmicutes;c__Bacilli;o__Lactobacillales;f__Enterococcaceae;g__Enterococcus;s__Enterococcus faecium,0.0001309905083266,1.0,L8
6a61c4a1-b641-5f72-9e0d-82f022592a9b,g__Lactobacillus,d__Bacteria;k__;p__Firmicutes;c__Bacilli;o__Lactobacillales;f__Lactobacillaceae;g__Lactobacillus,0.0002350341788942,1.0,L7
08d94798-70f7-5789-a788-258398351ee1,s__Lactobacillus iners,d__Bacteria;k__;p__Firmicutes;c__Bacilli;o__Lactobacillales;f__Lactobacillaceae;g__Lactobacillus;s__Lactobacillus iners,0.0001008189381494,0.9821428571428572,L8
ff68def9-9d12-5a15-b48f-4754df951ea7,s__Lactobacillus fermentum,d__Bacteria;k__;p__Firmicutes;c__Bacilli;o__Lactobacillales;f__Lactobacillaceae;g__Lactobacillus;s__Lactobacillus fermentum,0.0002046745107329,0.9107142857142856,L8
de950fee-1c3b-5e28-ac27-5b9596262d4e,s__Lactobacillus reuteri,d__Bacteria;k__;p__Firmicutes;c__Bacilli;o__Lactobacillales;f__Lactobacillaceae;g__Lactobacillus;s__Lactobacillus reuteri,0.0008162435920739,0.9642857142857144,L8
06f7b32d-6fb5-5120-a8f1-2d4d85900423,s__Lactobacillus vaginalis,d__Bacteria;k__;p__Firmicutes;c__Bacilli;o__Lactobacillales;f__Lactobacillaceae;g__Lactobacillus;s__Lactobacillus vaginalis,0.0001184179733687,0.9821428571428572,L8
38b678ba-2737-56b1-a0b2-5afa9b267b8b,f__Streptococcaceae,d__Bacteria;k__;p__Firmicutes;c__Bacilli;o__Lactobacillales;f__Streptococcaceae,0.0003772441398833,1.0,L6
41806033-3193-525f-8697-1be9ccf1cc86,g__Lactococcus,d__Bacteria;k__;p__Firmicutes;c__Bacilli;o__Lactobacillales;f__Streptococcaceae;g__Lactococcus,0.0002015229960214,0.9642857142857144,L7
0dbf426a-d030-5fae-8098-2b32f914566f,s__Lactococcus lactis,d__Bacteria;k__;p__Firmicutes;c__Bacilli;o__Lactobacillales;f__Streptococcaceae;g__Lactococcus;s__Lactococcus lactis,0.0036808853722011,1.0,L8
441b3a4e-2e54-57b7-9221-2b7f20f1a316,t__Lactococcus lactis subsp. cremoris,d__Bacteria;k__;p__Firmicutes;c__Bacilli;o__Lactobacillales;f__Streptococcaceae;g__Lactococcus;s__Lactococcus lactis;t__Lactococcus lactis subsp. cremoris,0.0059608920373196,0.9821428571428572,L9
cfcd2e74-3e3d-53e4-a15f-e56d72e850d1,t__Lactococcus lactis subsp. lactis,d__Bacteria;k__;p__Firmicutes;c__Bacilli;o__Lactobacillales;f__Streptococcaceae;g__Lactococcus;s__Lactococcus lactis;t__Lactococcus lactis subsp. lactis,0.0011219249546949,1.0,L9
63430e40-420c-5d85-ac83-2453594bd582,s__Lactococcus raffinolactis,d__Bacteria;k__;p__Firmicutes;c__Bacilli;o__Lactobacillales;f__Streptococcaceae;g__Lactococcus;s__Lactococcus raffinolactis,0.0001120885708322,1.0,L8
e2a607a0-6820-58b9-9cf3-ca142e5f59ad,g__Streptococcus,d__Bacteria;k__;p__Firmicutes;c__Bacilli;o__Lactobacillales;f__Streptococcaceae;g__Streptococcus,0.0801919029804682,1.0,L7
410d0968-e8c7-5e0d-b75b-121ef634f31b,s__Streptococcus uberis,d__Bacteria;k__;p__Firmicutes;c__Bacilli;o__Lactobacillales;f__Streptococcaceae;g__Streptococcus;s__Streptococcus uberis,0.0001511586686208,1.0,L8
f76101c0-d8f0-5bd8-ad46-22d866dd31ff,s__Streptococcus iniae,d__Bacteria;k__;p__Firmicutes;c__Bacilli;o__Lactobacillales;f__Streptococcaceae;g__Streptococcus;s__Streptococcus iniae,0.0001151443025657,1.0,L8
0647437b-b735-584f-a3d2-34b8b3de95d9,s__Streptococcus halotolerans,d__Bacteria;k__;p__Firmicutes;c__Bacilli;o__Lactobacillales;f__Streptococcaceae;g__Streptococcus;s__Streptococcus halotolerans,0.0001209052613911,0.9821428571428572,L8
167c2ae2-cb7a-5ddc-a016-0dca5582842f,s__Streptococcus urinalis,d__Bacteria;k__;p__Firmicutes;c__Bacilli;o__Lactobacillales;f__Streptococcaceae;g__Streptococcus;s__Streptococcus urinalis,0.0001138265932904,0.9821428571428572,L8
aeb5b35f-19d8-5ad1-807b-acf869cfe5d2,s__Streptococcus acidominimus,d__Bacteria;k__;p__Firmicutes;c__Bacilli;o__Lactobacillales;f__Streptococcaceae;g__Streptococcus;s__Streptococcus acidominimus,0.0001768646037513,1.0,L8
a61903bf-3744-5315-afa1-ab861f8184a3,s__Streptococcus ratti,d__Bacteria;k__;p__Firmicutes;c__Bacilli;o__Lactobacillales;f__Streptococcaceae;g__Streptococcus;s__Streptococcus ratti,0.0001308373777959,1.0,L8
3d84c083-2885-5bca-a734-ac5ea5ab3e65,s__Streptococcus ferus,d__Bacteria;k__;p__Firmicutes;c__Bacilli;o__Lactobacillales;f__Streptococcaceae;g__Streptococcus;s__Streptococcus ferus,0.0001384380085553,1.0,L8
63e26297-b77c-5ad4-8c41-ba96acfc0a32,s__Streptococcus parauberis,d__Bacteria;k__;p__Firmicutes;c__Bacilli;o__Lactobacillales;f__Streptococcaceae;g__Streptococcus;s__Streptococcus parauberis,0.0001319646237919,1.0,L8
06647603-788f-5cad-ad2a-55f3a5e1acde,s__Streptococcus merionis,d__Bacteria;k__;p__Firmicutes;c__Bacilli;o__Lactobacillales;f__Streptococcaceae;g__Streptococcus;s__Streptococcus merionis,0.0001979434069768,1.0,L8
a3ac8f82-ec04-5d6a-aef4-f2b4e6eaa3cb,s__Streptococcus marmotae,d__Bacteria;k__;p__Firmicutes;c__Bacilli;o__Lactobacillales;f__Streptococcaceae;g__Streptococcus;s__Streptococcus marmotae,0.0001533415972276,1.0,L8
37e7f7ae-b8e3-5bde-a4c2-a138e4869457,s__Streptococcus canis,d__Bacteria;k__;p__Firmicutes;c__Bacilli;o__Lactobacillales;f__Streptococcaceae;g__Streptococcus;s__Streptococcus canis,0.0001427530170051,1.0,L8
2ff7ebd7-8799-5c90-af5d-4b2a7bef5878,s__Streptococcus agalactiae,d__Bacteria;k__;p__Firmicutes;c__Bacilli;o__Lactobacillales;f__Streptococcaceae;g__Streptococcus;s__Streptococcus agalactiae,0.0002496353749464,1.0,L8
d5124ecb-b8ec-5f12-a14f-c78aaf7799ba,s__Streptococcus respiraculi,d__Bacteria;k__;p__Firmicutes;c__Bacilli;o__Lactobacillales;f__Streptococcaceae;g__Streptococcus;s__Streptococcus respiraculi,0.0002772495991373,1.0,L8
0d905db0-2a97-59e5-bb37-55d7607051f3,s__Streptococcus himalayensis,d__Bacteria;k__;p__Firmicutes;c__Bacilli;o__Lactobacillales;f__Streptococcaceae;g__Streptococcus;s__Streptococcus himalayensis,0.0002938111176071,1.0,L8
bb10f457-53cc-592b-8565-256ef5b59d88,s__Streptococcus porcinus,d__Bacteria;k__;p__Firmicutes;c__Bacilli;o__Lactobacillales;f__Streptococcaceae;g__Streptococcus;s__Streptococcus porcinus,0.0001791595206478,1.0,L8
29c3c413-60b1-5953-9564-33b4bf33ef8a,s__Streptococcus koreensis,d__Bacteria;k__;p__Firmicutes;c__Bacilli;o__Lactobacillales;f__Streptococcaceae;g__Streptococcus;s__Streptococcus koreensis,0.0009638734151652,1.0,L8
93bd1e19-9c34-508d-a221-d330d9edf128,s__Streptococcus pluranimalium,d__Bacteria;k__;p__Firmicutes;c__Bacilli;o__Lactobacillales;f__Streptococcaceae;g__Streptococcus;s__Streptococcus pluranimalium,0.0002523762813798,1.0,L8
be41bb77-d524-50db-94a9-f5b0ef2c7a5b,t__Streptococcus macedonicus ACA-DC 198,d__Bacteria;k__;p__Firmicutes;c__Bacilli;o__Lactobacillales;f__Streptococcaceae;g__Streptococcus;s__Streptococcus macedonicus;t__Streptococcus macedonicus ACA-DC 198,0.0001497108993173,1.0,L9
d544a2a3-d504-56fc-ba89-354133532efc,s__Streptococcus viridans,d__Bacteria;k__;p__Firmicutes;c__Bacilli;o__Lactobacillales;f__Streptococcaceae;g__Streptococcus;s__Streptococcus viridans,0.0016422452511545,1.0,L8
4debddd7-e158-55ef-8c52-34d8437c1aa9,s__Streptococcus periodonticum,d__Bacteria;k__;p__Firmicutes;c__Bacilli;o__Lactobacillales;f__Streptococcaceae;g__Streptococcus;s__Streptococcus periodonticum,0.0001420036168727,1.0,L8
72c95369-d8e6-5952-affb-11caf8abbef8,t__Streptococcus pseudopneumoniae IS7493,d__Bacteria;k__;p__Firmicutes;c__Bacilli;o__Lactobacillales;f__Streptococcaceae;g__Streptococcus;s__Streptococcus pseudopneumoniae;t__Streptococcus pseudopneumoniae IS7493,0.00946388897137,1.0,L9
d6709765-3704-50b8-a4b0-18971ee23484,s__Streptococcus pyogenes,d__Bacteria;k__;p__Firmicutes;c__Bacilli;o__Lactobacillales;f__Streptococcaceae;g__Streptococcus;s__Streptococcus pyogenes,0.0007055546331145,1.0,L8
521320c6-a576-596b-80e6-74cfbd180569,s__Streptococcus suis,d__Bacteria;k__;p__Firmicutes;c__Bacilli;o__Lactobacillales;f__Streptococcaceae;g__Streptococcus;s__Streptococcus suis,0.0011260433451584,1.0,L8
df66c515-0b04-5513-bf2c-a4477a95475a,s__Streptococcus equinus,d__Bacteria;k__;p__Firmicutes;c__Bacilli;o__Lactobacillales;f__Streptococcaceae;g__Streptococcus;s__Streptococcus equinus,0.0006094369521493,1.0,L8
9046b1bf-5a45-53dd-a650-de7c7dce29dc,t__Streptococcus equi subsp. zooepidemicus,d__Bacteria;k__;p__Firmicutes;c__Bacilli;o__Lactobacillales;f__Streptococcaceae;g__Streptococcus;s__Streptococcus equi;t__Streptococcus equi subsp. zooepidemicus,0.0001817455441538,1.0,L9
ad60564e-ea5c-5f99-bcc7-ece5812f201a,t__Streptococcus dysgalactiae subsp. dysgalactiae,d__Bacteria;k__;p__Firmicutes;c__Bacilli;o__Lactobacillales;f__Streptococcaceae;g__Streptococcus;s__Streptococcus dysgalactiae;t__Streptococcus dysgalactiae subsp. dysgalactiae,0.0001028545085355,0.9821428571428572,L9
f505e450-b2e9-5778-b3ce-edecb442733b,t__Streptococcus dysgalactiae subsp. equisimilis,d__Bacteria;k__;p__Firmicutes;c__Bacilli;o__Lactobacillales;f__Streptococcaceae;g__Streptococcus;s__Streptococcus dysgalactiae;t__Streptococcus dysgalactiae subsp. equisimilis,0.0003707195665511,1.0,L9
3ea3cd24-05ee-5af8-bead-d6a99d2748bf,s__Streptococcus gwangjuense,d__Bacteria;k__;p__Firmicutes;c__Bacilli;o__Lactobacillales;f__Streptococcaceae;g__Streptococcus;s__Streptococcus gwangjuense,0.0171965960342328,1.0,L8
fdd13dab-1212-5b90-9409-46951f514ee1,s__Streptococcus milleri,d__Bacteria;k__;p__Firmicutes;c__Bacilli;o__Lactobacillales;f__Streptococcaceae;g__Streptococcus;s__Streptococcus milleri,0.0003045205907397,1.0,L8
86d7628f-2fa2-53a1-86d5-0ccb66e7ca9f,s__Streptococcus thermophilus,d__Bacteria;k__;p__Firmicutes;c__Bacilli;o__Lactobacillales;f__Streptococcaceae;g__Streptococcus;s__Streptococcus thermophilus,0.0018081490683793,1.0,L8
6d7f21c1-b35b-520d-a59c-ab3d37e1c887,s__Streptococcus mutans,d__Bacteria;k__;p__Firmicutes;c__Bacilli;o__Lactobacillales;f__Streptococcaceae;g__Streptococcus;s__Streptococcus mutans,0.0008345063889244,1.0,L8
3a3c1a9a-17f7-5c96-a185-f1c790a93be2,s__Streptococcus parasanguinis,d__Bacteria;k__;p__Firmicutes;c__Bacilli;o__Lactobacillales;f__Streptococcaceae;g__Streptococcus;s__Streptococcus parasanguinis,0.0017120789525071,1.0,L8
c909e217-9afe-57e7-ad24-5069490ad74f,t__Streptococcus parasanguinis FW213,d__Bacteria;k__;p__Firmicutes;c__Bacilli;o__Lactobacillales;f__Streptococcaceae;g__Streptococcus;s__Streptococcus parasanguinis;t__Streptococcus parasanguinis FW213,0.0021867747573722,1.0,L9
1e8cf1b1-270f-531f-aa72-c4af650563f8,t__Streptococcus parasanguinis ATCC 15912,d__Bacteria;k__;p__Firmicutes;c__Bacilli;o__Lactobacillales;f__Streptococcaceae;g__Streptococcus;s__Streptococcus parasanguinis;t__Streptococcus parasanguinis ATCC 15912,0.0022193765111145,1.0,L9
1c37ad57-eabd-53d7-b378-a208aabfd799,s__Streptococcus pneumoniae,d__Bacteria;k__;p__Firmicutes;c__Bacilli;o__Lactobacillales;f__Streptococcaceae;g__Streptococcus;s__Streptococcus pneumoniae,0.0365214028924865,1.0,L8
86167fbb-9928-57f8-91df-adbabb206080,t__Streptococcus pneumoniae ST556,d__Bacteria;k__;p__Firmicutes;c__Bacilli;o__Lactobacillales;f__Streptococcaceae;g__Streptococcus;s__Streptococcus pneumoniae;t__Streptococcus pneumoniae ST556,0.0002973361364495,1.0,L9
ce5cdd50-1b97-5f7d-be78-4268690d7f56,t__Streptococcus pneumoniae CGSP14,d__Bacteria;k__;p__Firmicutes;c__Bacilli;o__Lactobacillales;f__Streptococcaceae;g__Streptococcus;s__Streptococcus pneumoniae;t__Streptococcus pneumoniae CGSP14,0.0001823962808211,0.9821428571428572,L9
4dbfef00-5ae7-5c9d-b118-8f6ee42794a7,t__Streptococcus pneumoniae 70585,d__Bacteria;k__;p__Firmicutes;c__Bacilli;o__Lactobacillales;f__Streptococcaceae;g__Streptococcus;s__Streptococcus pneumoniae;t__Streptococcus pneumoniae 70585,0.0001413850747968,1.0,L9
fbb8c1de-8480-5c45-80b2-791f00380671,t__Streptococcus pneumoniae INV200,d__Bacteria;k__;p__Firmicutes;c__Bacilli;o__Lactobacillales;f__Streptococcaceae;g__Streptococcus;s__Streptococcus pneumoniae;t__Streptococcus pneumoniae INV200,0.0001446924891901,0.9821428571428572,L9
0788593b-5611-5d90-927c-e57b513813d2,t__Streptococcus pneumoniae JJA,d__Bacteria;k__;p__Firmicutes;c__Bacilli;o__Lactobacillales;f__Streptococcaceae;g__Streptococcus;s__Streptococcus pneumoniae;t__Streptococcus pneumoniae JJA,0.0002338539740894,0.9821428571428572,L9
adc9664c-a22a-5c48-8f7c-8c19fb1f6330,t__Streptococcus pneumoniae 670-6B,d__Bacteria;k__;p__Firmicutes;c__Bacilli;o__Lactobacillales;f__Streptococcaceae;g__Streptococcus;s__Streptococcus pneumoniae;t__Streptococcus pneumoniae 670-6B,0.0002449423970195,1.0,L9
4a3866a1-9c9c-588e-b9ed-ac3d3220413c,t__Streptococcus pneumoniae G54,d__Bacteria;k__;p__Firmicutes;c__Bacilli;o__Lactobacillales;f__Streptococcaceae;g__Streptococcus;s__Streptococcus pneumoniae;t__Streptococcus pneumoniae G54,0.0001578995397529,0.9821428571428572,L9
3acd7e62-c637-5f0b-a238-d66e50e70855,t__Streptococcus pneumoniae PCS8235,d__Bacteria;k__;p__Firmicutes;c__Bacilli;o__Lactobacillales;f__Streptococcaceae;g__Streptococcus;s__Streptococcus pneumoniae;t__Streptococcus pneumoniae PCS8235,0.0001048480391874,1.0,L9
01098c0c-9827-5387-ae99-8ed2c1f7e1aa,t__Streptococcus pneumoniae SPNA45,d__Bacteria;k__;p__Firmicutes;c__Bacilli;o__Lactobacillales;f__Streptococcaceae;g__Streptococcus;s__Streptococcus pneumoniae;t__Streptococcus pneumoniae SPNA45,0.0003503115288182,1.0,L9
f8f6075b-91d7-5368-88dd-1619d38d59f0,t__Streptococcus pneumoniae AP200,d__Bacteria;k__;p__Firmicutes;c__Bacilli;o__Lactobacillales;f__Streptococcaceae;g__Streptococcus;s__Streptococcus pneumoniae;t__Streptococcus pneumoniae AP200,0.0001843792343349,1.0,L9
87938e4c-d3b2-5b8d-bcf9-0cf54bb5c90e,t__Streptococcus pneumoniae Hungary19A-6,d__Bacteria;k__;p__Firmicutes;c__Bacilli;o__Lactobacillales;f__Streptococcaceae;g__Streptococcus;s__Streptococcus pneumoniae;t__Streptococcus pneumoniae Hungary19A-6,0.0009080968732146,1.0,L9
1d38674b-a3fb-5c00-a071-d74ae15e0901,s__Streptococcus australis,d__Bacteria;k__;p__Firmicutes;c__Bacilli;o__Lactobacillales;f__Streptococcaceae;g__Streptococcus;s__Streptococcus australis,0.0063504508259809,1.0,L8
b325fe68-faab-5d89-99f2-91ae0306307f,s__Streptococcus cristatus,d__Bacteria;k__;p__Firmicutes;c__Bacilli;o__Lactobacillales;f__Streptococcaceae;g__Streptococcus;s__Streptococcus cristatus,0.0015407730968009,1.0,L8
82700f05-0b0a-5f97-b9a3-4f23aa232b65,t__Streptococcus cristatus ATCC 51100,d__Bacteria;k__;p__Firmicutes;c__Bacilli;o__Lactobacillales;f__Streptococcaceae;g__Streptococcus;s__Streptococcus cristatus;t__Streptococcus cristatus ATCC 51100,0.0055276008543744,1.0,L9
4d58a50e-f865-568a-b284-c31d7cbb74e2,s__Streptococcus sanguinis,d__Bacteria;k__;p__Firmicutes;c__Bacilli;o__Lactobacillales;f__Streptococcaceae;g__Streptococcus;s__Streptococcus sanguinis,0.0146382458245291,1.0,L8
5c4d8b90-a4ed-5c67-9932-a4cd5e1936a1,t__Streptococcus sanguinis SK36,d__Bacteria;k__;p__Firmicutes;c__Bacilli;o__Lactobacillales;f__Streptococcaceae;g__Streptococcus;s__Streptococcus sanguinis;t__Streptococcus sanguinis SK36,0.0032206547017068,1.0,L9
36a95f42-5f92-51c6-a597-252d736aa4ca,s__Streptococcus mitis,d__Bacteria;k__;p__Firmicutes;c__Bacilli;o__Lactobacillales;f__Streptococcaceae;g__Streptococcus;s__Streptococcus mitis,0.124202496228453,1.0,L8
ac601fad-7976-5fd7-b9dc-8f873e1c4681,t__Streptococcus mitis B6,d__Bacteria;k__;p__Firmicutes;c__Bacilli;o__Lactobacillales;f__Streptococcaceae;g__Streptococcus;s__Streptococcus mitis;t__Streptococcus mitis B6,0.0217888960547564,1.0,L9
b1788280-ce71-57ec-8c70-5f22d53a74fc,s__Streptococcus vestibularis,d__Bacteria;k__;p__Firmicutes;c__Bacilli;o__Lactobacillales;f__Streptococcaceae;g__Streptococcus;s__Streptococcus vestibularis,0.0061356688667661,1.0,L8
66457152-c971-5009-b6ae-e0ade82a79f3,t__Streptococcus constellatus subsp. pharyngis,d__Bacteria;k__;p__Firmicutes;c__Bacilli;o__Lactobacillales;f__Streptococcaceae;g__Streptococcus;s__Streptococcus constellatus;t__Streptococcus constellatus subsp. pharyngis,0.0001384013944038,1.0,L9
16cd1460-feb4-5e07-9d25-241ef1de1a72,s__Streptococcus intermedius,d__Bacteria;k__;p__Firmicutes;c__Bacilli;o__Lactobacillales;f__Streptococcaceae;g__Streptococcus;s__Streptococcus intermedius,0.000688088411181,1.0,L8
790aeccf-9ecd-5f11-9279-f6a5f43cdb33,t__Streptococcus intermedius C270,d__Bacteria;k__;p__Firmicutes;c__Bacilli;o__Lactobacillales;f__Streptococcaceae;g__Streptococcus;s__Streptococcus intermedius;t__Streptococcus intermedius C270,0.0001203429015869,1.0,L9
dd45f17e-5c21-5d93-a5c9-696590d3db81,s__Streptococcus anginosus,d__Bacteria;k__;p__Firmicutes;c__Bacilli;o__Lactobacillales;f__Streptococcaceae;g__Streptococcus;s__Streptococcus anginosus,0.0010447914120485,1.0,L8
4a4fbb4c-b6f7-5bad-a442-b2a56c7e4747,t__Streptococcus anginosus C1051,d__Bacteria;k__;p__Firmicutes;c__Bacilli;o__Lactobacillales;f__Streptococcaceae;g__Streptococcus;s__Streptococcus anginosus;t__Streptococcus anginosus C1051,0.000167738389675,0.9821428571428572,L9
502e0d41-c3d3-53a2-a03d-ab10ea183f0c,s__Streptococcus salivarius,d__Bacteria;k__;p__Firmicutes;c__Bacilli;o__Lactobacillales;f__Streptococcaceae;g__Streptococcus;s__Streptococcus salivarius,0.0071159903535292,1.0,L8
e3e5d0a1-8124-58ae-a792-3a51eeb2b2c9,t__Streptococcus salivarius CCHSS3,d__Bacteria;k__;p__Firmicutes;c__Bacilli;o__Lactobacillales;f__Streptococcaceae;g__Streptococcus;s__Streptococcus salivarius;t__Streptococcus salivarius CCHSS3,0.0004124133695565,1.0,L9
1ec49978-597d-5905-81fe-cf4499f144d4,t__Streptococcus salivarius JIM8777,d__Bacteria;k__;p__Firmicutes;c__Bacilli;o__Lactobacillales;f__Streptococcaceae;g__Streptococcus;s__Streptococcus salivarius;t__Streptococcus salivarius JIM8777,0.00066436571577,1.0,L9
8ee3a899-c422-578e-8538-afbba17d019a,s__Streptococcus sp. I-G2,d__Bacteria;k__;p__Firmicutes;c__Bacilli;o__Lactobacillales;f__Streptococcaceae;g__Streptococcus;s__Streptococcus sp. I-G2,0.000866520909905,1.0,L8
4f819c68-54dd-503f-9b4e-ee042dbf0ddf,s__Streptococcus sp. I-P16,d__Bacteria;k__;p__Firmicutes;c__Bacilli;o__Lactobacillales;f__Streptococcaceae;g__Streptococcus;s__Streptococcus sp. I-P16,0.0009229415252902,1.0,L8
cb4b5db5-e4d6-538c-b060-8d746979ae1c,s__Streptococcus sp. HSISS3,d__Bacteria;k__;p__Firmicutes;c__Bacilli;o__Lactobacillales;f__Streptococcaceae;g__Streptococcus;s__Streptococcus sp. HSISS3,0.0008171727797778,1.0,L8
cb93f059-c488-5321-abfe-39fea881c5a9,s__Streptococcus sp. A12,d__Bacteria;k__;p__Firmicutes;c__Bacilli;o__Lactobacillales;f__Streptococcaceae;g__Streptococcus;s__Streptococcus sp. A12,0.00294702030294,1.0,L8
5fa2c619-9c28-5be4-b078-bb457d6db843,s__Streptococcus sp. HSISS2,d__Bacteria;k__;p__Firmicutes;c__Bacilli;o__Lactobacillales;f__Streptococcaceae;g__Streptococcus;s__Streptococcus sp. HSISS2,0.0007250854640095,1.0,L8
3e0ea700-0cbb-5684-b68d-33d5a9f15471,s__Streptococcus sp. FDAARGOS 192,d__Bacteria;k__;p__Firmicutes;c__Bacilli;o__Lactobacillales;f__Streptococcaceae;g__Streptococcus;s__Streptococcus sp. FDAARGOS 192,0.0004778061258009,0.9821428571428572,L8
0c02f85f-7700-59fc-8a5c-38ec304c55cd,s__Streptococcus sp. 116-D4,d__Bacteria;k__;p__Firmicutes;c__Bacilli;o__Lactobacillales;f__Streptococcaceae;g__Streptococcus;s__Streptococcus sp. 116-D4,0.0102932774163521,1.0,L8
a4317940-2625-54c5-a979-25db0d3b423f,s__Streptococcus sp. oral taxon 064,d__Bacteria;k__;p__Firmicutes;c__Bacilli;o__Lactobacillales;f__Streptococcaceae;g__Streptococcus;s__Streptococcus sp. oral taxon 064,0.0041819876236877,1.0,L8
553166a3-4181-5531-a4d7-dc1c8e8ef555,s__Streptococcus sp. oral taxon 431,d__Bacteria;k__;p__Firmicutes;c__Bacilli;o__Lactobacillales;f__Streptococcaceae;g__Streptococcus;s__Streptococcus sp. oral taxon 431,0.0107578899814455,1.0,L8
8310f8bb-850c-5aeb-9070-69539edc3eb9,s__Streptococcus sp. 1643,d__Bacteria;k__;p__Firmicutes;c__Bacilli;o__Lactobacillales;f__Streptococcaceae;g__Streptococcus;s__Streptococcus sp. 1643,0.0036771568216278,1.0,L8
ae54aa40-dac2-5fd0-b1c7-d98f2a5d7e8e,s__Streptococcus sp. HSISM1,d__Bacteria;k__;p__Firmicutes;c__Bacilli;o__Lactobacillales;f__Streptococcaceae;g__Streptococcus;s__Streptococcus sp. HSISM1,0.0046161780275136,1.0,L8
445951f0-3608-56e6-9c93-a4fdce156810,s__Streptococcus sp. LPB0220,d__Bacteria;k__;p__Firmicutes;c__Bacilli;o__Lactobacillales;f__Streptococcaceae;g__Streptococcus;s__Streptococcus sp. LPB0220,0.0051103617942382,1.0,L8
c503526d-63ba-5f60-bd03-d7759a39b0d1,s__Streptococcus sp. NPS 308,d__Bacteria;k__;p__Firmicutes;c__Bacilli;o__Lactobacillales;f__Streptococcaceae;g__Streptococcus;s__Streptococcus sp. NPS 308,0.0042911385959632,1.0,L8
b6ac9dfa-e3a1-57c5-8626-f8053a0b42d7,s__Streptococcus gordonii,d__Bacteria;k__;p__Firmicutes;c__Bacilli;o__Lactobacillales;f__Streptococcaceae;g__Streptococcus;s__Streptococcus gordonii,0.0118062485278073,1.0,L8
40762bba-17db-533f-887e-498882613eb1,s__Streptococcus oralis,d__Bacteria;k__;p__Firmicutes;c__Bacilli;o__Lactobacillales;f__Streptococcaceae;g__Streptococcus;s__Streptococcus oralis,0.0148477421231381,1.0,L8
95afb263-7865-5e8c-83dc-9972f429ace0,t__Streptococcus oralis ATCC 35037,d__Bacteria;k__;p__Firmicutes;c__Bacilli;o__Lactobacillales;f__Streptococcaceae;g__Streptococcus;s__Streptococcus oralis;t__Streptococcus oralis ATCC 35037,0.0056375297337642,1.0,L9
d01723ad-a51f-517e-aa31-c4eef9a3f15e,t__Streptococcus oralis Uo5,d__Bacteria;k__;p__Firmicutes;c__Bacilli;o__Lactobacillales;f__Streptococcaceae;g__Streptococcus;s__Streptococcus oralis;t__Streptococcus oralis Uo5,0.0055421567941326,1.0,L9
8c4cbb1d-d16a-5b07-a618-612e85d5ddf7,t__Streptococcus oralis subsp. dentisani,d__Bacteria;k__;p__Firmicutes;c__Bacilli;o__Lactobacillales;f__Streptococcaceae;g__Streptococcus;s__Streptococcus oralis;t__Streptococcus oralis subsp. dentisani,0.0057441881971452,1.0,L9
89616cfc-8bce-5b62-8f72-4e1d4cbeaf05,t__Streptococcus oralis subsp. tigurinus,d__Bacteria;k__;p__Firmicutes;c__Bacilli;o__Lactobacillales;f__Streptococcaceae;g__Streptococcus;s__Streptococcus oralis;t__Streptococcus oralis subsp. tigurinus,0.0064713546893095,1.0,L9
78e3cdde-bbe0-572f-983a-efbb3a809bc8,s__Streptococcus sobrinus,d__Bacteria;k__;p__Firmicutes;c__Bacilli;o__Lactobacillales;f__Streptococcaceae;g__Streptococcus;s__Streptococcus sobrinus,0.0022388805997965,1.0,L8
71ce9311-4bf5-5116-9f84-a97290e8e41e,s__Human gammaherpesvirus 4,d__Viruses;k__;p__Peploviricota;c__Herviviricetes;o__Herpesvirales;f__Herpesviridae;g__Lymphocryptovirus;s__Human gammaherpesvirus 4,0.0022339995647603,0.3214285714285714,L8
4c4eed49-add5-5446-b5d0-c2051b8fbaca,t__Human herpesvirus 4_type 2,d__Viruses;k__;p__Peploviricota;c__Herviviricetes;o__Herpesvirales;f__Herpesviridae;g__Lymphocryptovirus;s__Human gammaherpesvirus 4;t__Human herpesvirus 4_type 2,0.0008300710787745,0.25,L9
2d0b6be7-2d20-507d-a801-795249525e2e,s__Streptococcus phage EJ-1,d__Viruses;k__;p__Uroviricota;c__Caudoviricetes;o__Caudovirales;f__Myoviridae;g__;s__Streptococcus phage EJ-1,0.0002039619935098,0.9642857142857144,L8
74cac521-dc4c-540d-8a20-1e3b7d9cdff9,s__Streptococcus phage PH10,d__Viruses;k__;p__Uroviricota;c__Caudoviricetes;o__Caudovirales;f__Siphoviridae;g__;s__Streptococcus phage PH10,0.0001430947100053,1.0,L8
